ts,F3 10k,F4 5k
17226509.0,998.53897,-1002.54441
17226625.0,997.62343,-1002.42997
17226723.0,998.99673,-1002.27738
17226821.0,998.46267,-1001.93406
17226919.0,998.76785,-1001.93406
17227070.0,997.62343,-1001.66703
17227158.0,998.31008,-1002.73515
17227250.0,998.00491,-1002.12479
17227338.0,998.69155,-1002.01035
17227426.0,997.24196,-1002.73515
17227514.0,997.85232,-1001.70518
17227610.0,998.0812,-1001.36185
17227698.0,998.31008,-1002.20109
17227786.0,997.54714,-1002.46812
17227874.0,997.92861,-1002.23924
17227962.0,998.46267,-1002.58256
17228166.0,998.00491,-1003.07847
17228264.0,997.69973,-1002.35368
17228368.0,997.92861,-1001.81962
17228474.0,997.77602,-1001.93406
17228572.0,997.54714,-1001.78147
17228670.0,998.31008,-1001.51444
17228768.0,997.54714,-1001.85776
17228873.0,997.47085,-1001.43815
17228971.0,997.77602,-1001.24741
17229069.0,997.85232,-1001.74332
17229167.0,998.0812,-1001.47629
17229266.0,998.0812,-1002.39182
17229365.0,997.85232,-1002.697
17229464.0,998.31008,-1002.65885
17229563.0,998.53897,-1002.7733
17229662.0,998.99673,-1003.00218
17229761.0,998.00491,-1003.19291
17229860.0,999.07303,-1003.23106
17229959.0,998.46267,-1002.62071
17230058.0,998.00491,-1002.50627
17230157.0,998.84414,-1002.96403
17230256.0,889.20932,-799.98322
17230355.0,833.896,-799.02954
17230454.0,817.79792,-799.22027
17230553.0,807.19302,-801.12763
17230656.0,803.68349,-802.69166
17230755.0,801.92872,-803.60719
17230855.0,800.02136,-802.2339
17230955.0,800.8606,-800.97504
17231054.0,798.95324,-801.54725
17231154.0,799.33471,-801.43281
17231254.0,798.49548,-802.11945
17231355.0,798.34289,-802.65351
17231454.0,797.35106,-802.8061
17231554.0,798.11401,-801.96687
17231653.0,797.96142,-801.81428
17231844.0,798.1903,-802.69166
17231943.0,797.50365,-803.30201
17232043.0,798.57177,-802.65351
17232143.0,797.80883,-802.92054
17232233.0,797.42736,-803.22572
17232322.0,799.4873,-803.14943
17232411.0,797.42736,-802.46278
17232500.0,797.88512,-802.95869
17232589.0,797.88512,-802.72981
17232689.0,798.11401,-802.99684
17232788.0,798.95324,-803.68349
17232887.0,798.03771,-802.11945
17232986.0,799.02954,-802.8061
17233085.0,798.80065,-803.26387
17233193.0,798.34289,-803.11128
17233292.0,799.18213,-802.99684
17233391.0,798.49548,-803.14943
17233490.0,799.41101,-803.11128
17233589.0,782.24481,-576.97516
17233688.0,671.77075,-597.15499
17233787.0,631.56369,-600.39749
17233886.0,618.05961,-603.48741
17233985.0,610.2013,-602.38114
17234084.0,606.00512,-599.21493
17234183.0,602.11411,-600.62638
17234282.0,602.72447,-601.27488
17234381.0,601.50376,-602.41929
17234480.0,601.73264,-601.77079
17234579.0,600.74082,-601.58005
17234677.0,600.74082,-600.85526
17234776.0,601.12229,-601.54191
17234875.0,600.74082,-602.22855
17234974.0,602.03782,-601.6182
17235073.0,600.35935,-601.19858
17235186.0,601.73264,-600.70267
17235285.0,601.04599,-601.16044
17235411.0,600.35935,-601.58005
17235511.0,600.13046,-600.93155
17235609.0,603.10594,-600.35935
17235709.0,600.20676,-600.39749
17235808.0,602.64817,-600.43564
17235907.0,602.11411,-601.08414
17236006.0,601.12229,-600.35935
17236105.0,601.80894,-602.343
17236204.0,600.20676,-602.38114
17236303.0,601.19858,-602.80076
17236402.0,599.74899,-603.64
17236501.0,602.343,-603.25853
17236600.0,599.74899,-603.25853
17236701.0,601.73264,-603.75444
17236799.0,601.42747,-603.14409
17236898.0,600.28305,-603.48741
17236997.0,599.97787,-603.52556
17237099.0,578.31031,-395.89079
17237197.0,474.77903,-400.08698
17237296.0,435.5638,-402.07063
17237395.0,419.38942,-399.7818
17237544.0,410.53929,-401.38398
17237643.0,406.72457,-400.77362
17237742.0,404.35945,-402.56654
17237841.0,403.29133,-402.83357
17237940.0,402.29951,-403.1006
17238039.0,402.3758,-402.83357
17238138.0,401.91804,-402.18507
17238237.0,403.21504,-402.41395
17238336.0,401.84174,-402.4521
17238435.0,401.99433,-397.30224
17238535.0,403.06245,-396.61559
17238634.0,404.05428,-396.92076
17238732.0,402.98616,-396.42485
17238831.0,403.6728,-396.69188
17238930.0,403.06245,-396.69188
17239083.0,402.90986,-403.06245
17239182.0,404.43575,-402.56654
17239284.0,403.59651,-402.52839
17239383.0,402.3758,-402.10877
17239474.0,403.7491,-396.31041
17239663.0,405.1224,-402.71913
17239752.0,405.19869,-396.84447
17239847.0,405.96163,-402.41395
17239936.0,404.20686,-396.84447
17240026.0,404.20686,-402.52839
17240115.0,404.20686,-396.15782
17240203.0,403.97798,-402.71913
17240292.0,406.26681,-396.27226
17240382.0,404.35945,-403.06245
17240471.0,313.03525,-195.77101
17240570.0,250.85545,-189.36229
17240668.0,231.09524,-192.56665
17240767.0,220.26146,-201.87455
17240866.0,214.00533,-198.36501
17240965.0,211.41133,-198.93722
17241065.0,208.43585,-200.5394
17241164.0,207.29144,-201.41678
17241275.0,207.13885,-194.96992
17241374.0,205.30779,-192.98627
17241473.0,204.39226,-192.29962
17241572.0,206.07073,-193.82551
17241671.0,205.00261,-194.39771
17241770.0,204.85002,-193.67292
17241870.0,205.91814,-193.17701
17241970.0,204.08708,-193.71107
17242068.0,204.92632,-194.35957
17242167.0,204.54485,-199.50943
17242266.0,205.30779,-199.01352
17242365.0,204.62114,-199.2424
17242465.0,205.30779,-199.31869
17242563.0,205.38408,-199.28055
17242662.0,205.46038,-199.08981
17242761.0,204.31596,-197.64022
17242861.0,205.00261,-196.61025
17242959.0,205.1552,-197.06801
17243058.0,205.1552,-196.64839
17243156.0,204.39226,-191.00262
17243255.0,204.77373,-191.00262
17243364.0,204.54485,-195.99989
17243473.0,204.23967,-190.39227
17243582.0,203.70561,-195.46583
17243681.0,204.62114,-195.1988
17243780.0,205.61297,-195.42769
17243879.0,134.20156,-1.79291
17243978.0,68.8174,5.07357
17244077.0,47.6839,5.03542
17244176.0,39.52041,8.77384
17244275.0,32.04358,7.66757
17244374.0,20.82833,8.31607
17244474.0,12.89373,7.97275
17244573.0,15.41144,7.85831
17244672.0,12.97002,7.70572
17244771.0,8.85013,7.62942
17244870.0,9.46049,8.08719
17244969.0,8.92643,7.85831
17245068.0,6.48501,7.89645
17245167.0,8.69754,8.04904
17245266.0,7.78201,4.84468
17245365.0,6.40872,5.11171
17245464.0,8.31607,5.18801
17245563.0,8.54495,5.18801
17245663.0,6.71389,4.95913
17245762.0,7.40054,4.92098
17245861.0,7.55313,5.03542
17245960.0,6.33242,4.92098
17246059.0,7.09536,5.64577
17246168.0,7.62942,8.12534
17246277.0,7.32425,5.49319
17246376.0,6.5613,7.85831
17246476.0,7.01907,7.36239
17246574.0,6.71389,7.89645
17246673.0,7.85831,7.9346
17246772.0,7.01907,8.08719
17246871.0,7.70572,7.97275
17246970.0,7.17166,7.82016
17247069.0,6.94278,7.74386
17247168.0,7.09536,7.97275
17247267.0,7.24795,7.55313
17247366.0,7.17166,5.64577
17247465.0,6.86648,5.53133
17247564.0,7.24795,5.64577
17247663.0,7.40054,5.60763
17247768.0,8.31607,7.47684
17247867.0,6.94278,8.01089
17247966.0,7.9346,5.53133
17248065.0,33.49317,-184.78464
17248164.0,93.68932,-178.90998
17248263.0,134.20156,-184.51761
17248415.0,172.88274,-189.05712
17248524.0,187.9127,-190.583
17248625.0,195.54213,-190.46856
17248724.0,200.42496,-187.95085
17248823.0,203.09526,-188.10344
17248922.0,204.77373,-188.25603
17249021.0,206.5285,-189.51488
17249159.0,207.90179,-188.98082
17249258.0,207.8255,-188.86638
17249357.0,208.20697,-189.01897
17249456.0,208.66474,-188.33232
17249577.0,208.74103,-189.09526
17249676.0,208.66474,-188.14159
17249782.0,208.81732,-188.79009
17249871.0,208.81732,-188.44676
17249961.0,209.1225,-189.55303
17250050.0,209.58027,-188.56121
17250139.0,208.28327,-188.82823
17250228.0,208.74103,-187.83641
17250327.0,209.1988,-188.52306
17250426.0,208.13068,-189.55303
17250583.0,208.58844,-190.20153
17250682.0,208.51215,-190.20153
17250782.0,208.13068,-189.89635
17250881.0,208.35956,-189.97265
17250980.0,207.67291,-190.27783
17251079.0,208.74103,-190.54486
17251178.0,208.96991,-190.27783
17251277.0,208.58844,-190.92633
17251376.0,208.35956,-189.47674
17251475.0,208.43585,-189.59118
17251574.0,208.96991,-189.78191
17251725.0,220.18517,-378.572
17251824.0,296.63199,-396.04338
17251923.0,339.81453,-390.24502
17252016.0,365.90716,-388.29952
17252105.0,378.87718,-393.29679
17252195.0,385.81995,-388.29952
17252284.0,395.50932,-391.7709
17252373.0,399.93439,-391.1987
17252472.0,401.68915,-390.05428
17252571.0,403.44392,-390.16872
17252670.0,406.3431,-390.58834
17252825.0,405.58016,-393.29679
17252924.0,406.72457,-393.75455
17253023.0,406.4194,-393.22049
17253122.0,406.3431,-392.80088
17253221.0,406.64828,-392.99161
17253321.0,406.87716,-393.48752
17253420.0,405.65645,-393.22049
17253520.0,406.11422,-393.41123
17253638.0,406.11422,-393.37308
17253737.0,406.64828,-393.29679
17253836.0,406.49569,-391.35129
17253956.0,406.64828,-392.19052
17254094.0,406.26681,-391.99979
17254183.0,406.4194,-394.02158
17254290.0,406.49569,-392.30496
17254379.0,406.3431,-394.25047
17254477.0,406.64828,-394.25047
17254567.0,406.26681,-392.03793
17254656.0,406.72457,-392.15237
17254745.0,407.02975,-393.98344
17254834.0,406.64828,-391.8472
17254923.0,406.4194,-394.36491
17255012.0,406.49569,-391.96164
17255177.0,470.35397,-597.76534
17255276.0,529.25312,-591.0896
17255375.0,560.91523,-589.67815
17255475.0,579.14955,-591.6618
17255573.0,591.28033,-593.53101
17255672.0,596.23946,-594.4084
17255771.0,600.51193,-592.80622
17255870.0,602.03782,-592.04327
17255969.0,603.41112,-592.04327
17256069.0,603.94517,-592.27216
17256168.0,603.94517,-593.60731
17256267.0,604.937,-596.23946
17256366.0,605.08959,-595.81984
17256465.0,604.70812,-595.59096
17256564.0,604.937,-596.16316
17256663.0,604.70812,-596.2776
17256762.0,604.47923,-596.39205
17256861.0,604.70812,-596.65908
17256959.0,604.937,-596.01057
17257059.0,604.63182,-596.04872
17257157.0,605.08959,-593.37842
17257256.0,604.25035,-593.72175
17257356.0,604.63182,-593.45472
17257455.0,604.78441,-593.53101
17257554.0,605.01329,-593.49286
17257653.0,605.01329,-593.30213
17257752.0,604.70812,-593.14954
17257851.0,604.86071,-593.60731
17258000.0,604.78441,-596.65908
17258099.0,605.62365,-597.07869
17258198.0,604.70812,-597.0024
17258297.0,604.63182,-593.18769
17258396.0,604.25035,-593.37842
17258495.0,604.70812,-593.53101
17258594.0,604.32665,-593.22583
17258693.0,604.47923,-593.37842
17258792.0,673.8307,-795.5963
17258891.0,733.3402,-797.69439
17258990.0,764.08678,-796.09221
17259159.0,787.89058,-800.09766
17259258.0,795.97777,-799.44916
17259347.0,798.80065,-800.51727
17259436.0,800.32654,-796.32109
17259525.0,799.94507,-799.71619
17259614.0,801.01319,-796.8933
17259703.0,801.47095,-800.97504
17259792.0,802.08131,-795.71074
17259892.0,802.08131,-796.09221
17259990.0,801.69984,-796.51183
17260089.0,802.38648,-796.70256
17260188.0,802.46278,-795.90147
17260287.0,801.54725,-800.51727
17260386.0,800.7843,-801.16578
17260485.0,801.16578,-801.01319
17260584.0,800.70801,-800.89875
17260683.0,801.62354,-800.7843
17260782.0,800.17395,-801.12763
17260881.0,801.16578,-801.54725
17260980.0,801.01319,-802.04316
17261079.0,800.93689,-801.43281
17261178.0,801.39466,-801.43281
17261278.0,801.54725,-801.69984
17261377.0,801.01319,-796.58812
17261476.0,800.8606,-796.39739
17261575.0,802.76795,-796.28294
17261674.0,803.22572,-795.63444
17261773.0,801.69984,-796.35924
17261872.0,850.75703,-994.03761
17261971.0,925.52538,-992.85504
17262070.0,958.25561,-994.15205
17262179.0,978.32099,-1002.73515
17262288.0,988.8496,-997.16567
17262387.0,995.4872,-1005.29101
17262486.0,996.7079,-1005.86321
17262585.0,998.76785,-1005.97765
17262684.0,999.53079,-1005.29101
17262783.0,1001.20926,-1005.32915
17262889.0,1000.82779,-998.34823
17262988.0,1000.14114,-998.31008
17263091.0,1001.66703,-998.7297
17263190.0,1001.20926,-998.92044
17263289.0,1001.28556,-999.03488
17263388.0,1002.12479,-999.49264
17263487.0,1000.59891,-1005.40545
17263586.0,1002.35368,-1005.55804
17263685.0,1000.98038,-1005.74877
17263784.0,1001.05668,-1005.44359
17263883.0,1001.66703,-1005.63433
17263982.0,1002.0485,-1005.93951
17264081.0,1001.05668,-1006.09209
17264180.0,1001.36185,-1005.90136
17264279.0,1001.89591,-1005.90136
17264379.0,1000.59891,-1005.97765
17264478.0,1001.13297,-1005.51989
17264577.0,1001.74332,-999.49264
17264676.0,1001.36185,-999.56894
17264775.0,1002.50627,-999.56894
17264875.0,1001.59073,-999.49264
17264974.0,1002.0485,-999.34005
17265073.0,1002.50627,-999.87411
17265182.0,934.29922,-800.2121
17265291.0,848.31561,-796.85515
17265390.0,822.0704,-799.75433
17265489.0,813.98321,-801.31836
17265588.0,806.65896,-799.10583
17265687.0,804.67531,-804.25569
17265786.0,802.38648,-805.97231
17265885.0,801.62354,-806.1249
17265984.0,799.63989,-806.62081
17266083.0,799.86877,-805.28566
17266182.0,800.02136,-805.4764
17266281.0,799.79248,-804.98049
17266380.0,800.32654,-805.4764
17266479.0,799.5636,-805.78158
17266578.0,800.40283,-805.89602
17266677.0,800.17395,-798.95324
17266776.0,800.25025,-799.41101
17266875.0,800.93689,-799.33471
17266974.0,801.16578,-798.8388
17267083.0,799.33471,-805.81972
17267192.0,800.32654,-799.06768
17267291.0,799.10583,-799.14398
17267391.0,800.55542,-799.4873
17267489.0,800.47913,-799.4873
17267587.0,800.8606,-805.20937
17267686.0,800.47913,-805.24752
17267785.0,798.49548,-805.28566
17267884.0,800.02136,-806.1249
17267983.0,798.41918,-804.98049
17268082.0,799.25842,-804.52272
17268181.0,800.32654,-805.43825
17268280.0,741.12221,-599.55826
17268379.0,652.5446,-605.5855
17268478.0,627.21492,-605.16588
17268577.0,613.55825,-595.36207
17268676.0,608.44653,-597.11684
17268775.0,605.08959,-599.13864
17268884.0,602.64817,-605.47106
17268993.0,602.41929,-599.36752
17269107.0,602.49558,-604.74626
17269206.0,602.49558,-604.2885
17269305.0,601.35117,-604.25035
17269404.0,602.343,-603.86888
17269503.0,600.9697,-603.86888
17269602.0,601.80894,-604.17406
17269701.0,601.96152,-604.51738
17269800.0,602.03782,-604.2885
17269900.0,601.96152,-604.78441
17269999.0,602.49558,-603.83073
17270098.0,601.35117,-603.71629
17270197.0,600.89341,-598.60458
17270296.0,602.41929,-598.71902
17270395.0,602.64817,-598.07052
17270494.0,602.41929,-598.64273
17270593.0,603.64,-598.14681
17270692.0,603.10594,-598.60458
17270791.0,603.64,-598.07052
17270890.0,603.02964,-598.3757
17270989.0,602.72447,-598.56643
17271088.0,603.02964,-597.87978
17271187.0,602.2667,-604.2122
17271286.0,603.86888,-604.36479
17271385.0,550.6155,-405.99978
17271484.0,461.88531,-407.0679
17271583.0,433.35126,-402.49024
17271682.0,419.6183,-401.0788
17271781.0,412.67552,-401.99433
17271880.0,407.7164,-403.90169
17271979.0,407.56381,-403.97798
17272138.0,403.97798,-403.71095
17272247.0,406.64828,-402.3758
17272346.0,405.58016,-401.99433
17272445.0,403.59651,-401.99433
17272545.0,404.35945,-402.87172
17272644.0,403.7491,-403.63466
17272743.0,404.35945,-403.78725
17272842.0,403.97798,-403.21504
17272942.0,403.90169,-402.56654
17273041.0,403.82539,-402.87172
17273140.0,403.59651,-403.36763
17273239.0,403.82539,-403.44392
17273338.0,404.51204,-402.60469
17273437.0,403.36763,-395.89079
17273536.0,404.35945,-396.69188
17273635.0,405.73275,-396.42485
17273734.0,404.89351,-396.42485
17273834.0,404.58834,-395.31859
17273933.0,404.43575,-396.19597
17274032.0,404.81722,-396.50115
17274131.0,404.89351,-396.15782
17274230.0,404.74092,-396.463
17274329.0,403.90169,-395.58562
17274428.0,404.89351,-402.03248
17274527.0,404.51204,-402.94801
17274626.0,319.0625,-198.5176
17274725.0,253.98351,-196.03804
17274824.0,232.39224,-201.49308
17274923.0,220.33775,-203.09526
17275022.0,214.15792,-199.62387
17275121.0,210.64839,-198.63204
17275220.0,209.58027,-200.23422
17275319.0,206.98626,-201.37864
17275418.0,206.90997,-192.03259
17275517.0,206.60479,-193.13886
17275616.0,206.29962,-193.93995
17275715.0,205.99444,-194.96992
17275814.0,204.16338,-193.71107
17275913.0,205.38408,-192.90998
17276012.0,204.54485,-193.02442
17276111.0,206.5285,-194.24513
17276210.0,204.92632,-194.20698
17276309.0,204.16338,-192.90998
17276408.0,205.2315,-198.82278
17276507.0,205.07891,-200.23422
17276606.0,204.85002,-199.77646
17276705.0,205.2315,-199.2424
17276804.0,205.07891,-199.05166
17276903.0,205.38408,-199.50943
17277002.0,204.77373,-199.43313
17277111.0,204.77373,-193.71107
17277221.0,205.00261,-199.85275
17277320.0,204.31596,-200.38681
17277419.0,205.30779,-199.73831
17277518.0,205.07891,-193.71107
17277617.0,204.23967,-193.86365
17277716.0,160.2179,7.32425
17277815.0,83.16072,5.60763
17277914.0,50.43049,6.10354
17278014.0,41.65665,6.33242
17278113.0,33.0354,6.37057
17278212.0,23.11715,6.90463
17278311.0,12.58855,7.20981
17278410.0,15.02996,7.78201
17278509.0,15.33514,8.01089
17278608.0,10.68119,2.78474
17278707.0,8.85013,3.20436
17278806.0,9.38419,2.594
17278905.0,9.00272,2.74659
17279004.0,8.16348,2.86103
17279113.0,6.71389,7.89645
17279222.0,6.79019,2.32697
17279321.0,7.70572,2.32697
17279420.0,6.10354,3.05177
17279519.0,6.10354,2.70845
17279618.0,7.62942,8.01089
17279717.0,7.40054,8.20163
17279816.0,6.79019,8.08719
17279915.0,7.40054,7.89645
17280014.0,8.39237,7.36239
17280113.0,7.09536,7.59128
17280212.0,7.70572,7.78201
17280311.0,8.69754,8.16348
17280410.0,6.33242,7.47684
17280509.0,6.79019,7.43869
17280609.0,7.32425,7.78201
17280708.0,7.17166,7.32425
17280807.0,7.62942,3.58583
17280906.0,7.01907,3.35695
17281015.0,7.62942,7.40054
17281124.0,7.32425,3.50953
17281223.0,7.55313,3.47139
17281322.0,7.55313,3.08992
17281421.0,6.86648,3.66212
17281520.0,6.5613,3.54768
17281619.0,6.71389,3.66212
17281718.0,6.71389,3.89101
17281817.0,7.09536,7.05722
17281916.0,8.01089,7.09536
17282015.0,7.62942,6.5613
17282114.0,7.62942,6.98092
17282213.0,6.86648,7.2861
17282312.0,8.31607,6.82833
17282411.0,6.94278,6.82833
17282511.0,6.79019,6.6376
17282610.0,7.32425,7.09536
17282709.0,6.10354,6.67575
17282808.0,7.9346,6.90463
17282907.0,7.70572,4.15804
17283016.0,7.85831,6.86648
17283125.0,7.40054,4.19618
17283234.0,7.85831,6.48501
17283333.0,7.09536,6.48501
17283433.0,7.24795,6.59945
17283532.0,7.47684,6.59945
17283632.0,7.32425,6.40872
17283731.0,7.70572,6.40872
17283831.0,7.70572,6.06539
17283930.0,7.01907,6.71389
17284029.0,7.85831,6.52316
17284128.0,7.24795,6.52316
17284228.0,7.47684,6.33242
17284327.0,7.70572,4.42507
17284426.0,8.01089,4.6158
17284525.0,7.70572,4.46321
17284624.0,7.09536,4.6921
17284723.0,8.01089,4.6158
17284822.0,7.09536,4.76839
17284921.0,7.85831,4.53951
17285020.0,7.62942,4.57765
17285119.0,32.19617,-191.11706
17285218.0,90.86644,-184.25058
17285317.0,132.44679,-195.00807
17285416.0,158.69201,-193.36774
17285515.0,178.29963,-189.51488
17285614.0,189.51488,-187.83641
17285713.0,196.76284,-190.0108
17285812.0,200.57755,-192.10889
17285911.0,202.79008,-192.26148
17286010.0,204.77373,-191.3078
17286109.0,205.30779,-190.46856
17286218.0,205.46038,-190.27783
17286327.0,207.21515,-189.78191
17286436.0,206.60479,-190.46856
17286535.0,206.83367,-190.92633
17286634.0,207.90179,-190.85003
17286733.0,207.29144,-191.15521
17286832.0,207.8255,-191.72742
17286931.0,206.75738,-191.34594
17287030.0,207.67291,-191.19336
17287129.0,207.44403,-191.00262
17287228.0,207.36773,-191.84186
17287328.0,207.67291,-191.26965
17287427.0,207.59662,-190.31597
17287526.0,206.68109,-189.47674
17287625.0,206.83367,-189.59118
17287724.0,206.14703,-190.27783
17287823.0,206.75738,-189.286
17287922.0,206.5285,-190.04894
17288021.0,206.83367,-189.74377
17288120.0,207.06256,-190.20153
17288219.0,206.37591,-190.04894
17288318.0,206.60479,-189.17156
17288417.0,206.4522,-191.15521
17288516.0,207.21515,-191.04077
17288615.0,207.06256,-191.11706
17288714.0,206.60479,-190.62115
17288813.0,207.06256,-191.07891
17288912.0,206.5285,-190.69744
17289021.0,206.60479,-189.43859
17289130.0,206.98626,-191.34594
17289239.0,207.29144,-189.82006
17289338.0,206.60479,-189.89635
17289437.0,206.4522,-191.2315
17289536.0,207.06256,-190.43041
17289635.0,206.68109,-190.6593
17289734.0,207.29144,-190.46856
17289833.0,206.5285,-190.0108
17289932.0,207.74921,-191.19336
17290031.0,206.98626,-190.81189
17290130.0,205.91814,-191.15521
17290229.0,206.90997,-191.07891
17290328.0,206.4522,-191.26965
17290427.0,206.98626,-190.69744
17290526.0,205.53667,-189.78191
17290625.0,205.1552,-189.32415
17290725.0,205.91814,-189.9345
17290823.0,205.61297,-190.46856
17290922.0,205.76556,-190.62115
17291074.0,206.14703,-190.96447
17291173.0,206.22332,-190.81189
17291272.0,205.84185,-190.73559
17291371.0,205.30779,-190.39227
17291470.0,206.68109,-190.62115
17291569.0,206.29962,-190.69744
17291668.0,205.53667,-190.73559
17291767.0,205.38408,-190.20153
17291866.0,205.2315,-190.23968
17291965.0,205.30779,-189.55303
17292064.0,205.07891,-190.583
17292163.0,205.00261,-190.35412
17292262.0,205.84185,-189.9345
17292361.0,205.38408,-190.16338
17292460.0,204.69744,-190.08709
17292559.0,275.49849,-384.98072
17292658.0,327.30227,-394.25047
17292757.0,354.92079,-391.27499
17292856.0,376.89353,-387.8799
17292955.0,382.08154,-387.68916
17293054.0,394.21232,-390.20687
17293153.0,396.95891,-392.19052
17293252.0,400.31586,-391.00796
17293351.0,402.52839,-390.01614
17293450.0,404.43575,-390.05428
17293549.0,405.0461,-390.13058
17293648.0,404.66463,-391.1987
17293747.0,404.51204,-390.77908
17293846.0,404.66463,-390.70278
17293945.0,405.50387,-390.13058
17294044.0,404.35945,-389.8254
17294143.0,404.81722,-390.05428
17294242.0,405.1224,-390.51205
17294341.0,405.65645,-391.16055
17294440.0,405.50387,-390.77908
17294538.0,404.43575,-390.96981
17294637.0,405.88534,-390.28317
17294736.0,405.73275,-391.08426
17294835.0,405.73275,-391.35129
17294934.0,404.58834,-391.1987
17295033.0,405.19869,-391.65646
17295132.0,405.96163,-391.96164
17295241.0,404.81722,-391.73276
17295350.0,404.81722,-390.89352
17295459.0,404.96981,-391.54202
17295558.0,405.50387,-391.7709
17295657.0,405.42757,-391.46573
17295756.0,405.73275,-390.85537
17295856.0,405.73275,-391.46573
17295954.0,405.35128,-391.23684
17296053.0,406.03793,-391.42758
17296152.0,406.03793,-391.00796
17296251.0,405.50387,-391.31314
17296350.0,405.73275,-390.81723
17296449.0,405.58016,-390.4739
17296548.0,405.50387,-391.1987
17296647.0,404.89351,-392.26682
17296746.0,405.65645,-391.1987
17296845.0,405.88534,-392.26682
17296944.0,405.19869,-392.03793
17297043.0,405.35128,-391.61832
17297142.0,405.1224,-390.81723
17297241.0,405.1224,-392.4957
17297340.0,405.58016,-391.00796
17297439.0,404.43575,-391.80905
17297538.0,404.96981,-391.50387
17297638.0,405.42757,-391.7709
17297737.0,406.4194,-391.31314
17297836.0,405.50387,-392.03793
17297935.0,405.35128,-391.42758
17298044.0,405.35128,-391.7709
17298153.0,406.57199,-391.00796
17298262.0,405.42757,-390.35946
17298361.0,405.27498,-392.15237
17298460.0,405.50387,-392.11423
17298559.0,405.96163,-391.54202
17298658.0,405.1224,-392.07608
17298757.0,405.96163,-390.93167
17298856.0,405.42757,-390.93167
17298956.0,406.80087,-391.99979
17299055.0,405.58016,-392.03793
17299154.0,404.13057,-390.93167
17299253.0,406.03793,-391.80905
17299352.0,405.35128,-392.34311
17299451.0,405.80904,-390.85537
17299550.0,406.03793,-391.50387
17299649.0,406.19051,-391.38943
17299753.0,405.1224,-391.35129
17299852.0,404.74092,-391.99979
17299951.0,465.08966,-595.13319
17300050.0,528.79535,-592.99695
17300149.0,560.30487,-589.18224
17300248.0,580.21767,-592.9588
17300347.0,589.0678,-593.72175
17300446.0,595.40022,-593.22583
17300545.0,599.13864,-593.18769
17300644.0,601.65635,-591.24218
17300743.0,601.50376,-592.3103
17300842.0,602.80076,-592.57733
17300941.0,602.87706,-592.50104
17301040.0,603.5637,-594.17951
17301139.0,604.32665,-593.6836
17301238.0,603.71629,-592.50104
17301347.0,603.64,-593.37842
17301457.0,604.40294,-593.60731
17301556.0,604.17406,-593.14954
17301659.0,603.71629,-592.76807
17301758.0,603.94517,-593.64545
17301857.0,604.09776,-593.11139
17301957.0,603.18223,-593.26398
17302055.0,603.94517,-592.84436
17302154.0,604.25035,-592.92066
17302253.0,603.86888,-592.80622
17302353.0,604.70812,-592.99695
17302453.0,604.55553,-593.64545
17302553.0,603.33482,-593.91248
17302652.0,603.79259,-593.49286
17302751.0,603.64,-592.80622
17302850.0,604.02147,-593.07325
17302949.0,602.95335,-593.37842
17303048.0,603.94517,-593.53101
17303149.0,603.02964,-593.87434
17303248.0,602.49558,-593.95063
17303352.0,603.71629,-593.60731
17303451.0,603.02964,-593.37842
17303551.0,604.25035,-593.87434
17303651.0,603.64,-593.41657
17303752.0,603.86888,-593.14954
17303851.0,603.5637,-593.98878
17303951.0,603.86888,-593.75989
17304051.0,603.02964,-593.95063
17304150.0,603.18223,-593.79804
17304251.0,603.71629,-593.41657
17304351.0,602.95335,-593.53101
17304450.0,603.5637,-593.72175
17304550.0,603.33482,-594.3321
17304649.0,603.48741,-594.44654
17304748.0,603.18223,-593.49286
17304848.0,602.19041,-594.06507
17304946.0,602.19041,-593.83619
17305045.0,602.2667,-593.60731
17305144.0,602.57188,-593.91248
17305243.0,602.72447,-593.87434
17305342.0,601.65635,-593.79804
17305441.0,601.42747,-593.72175
17305540.0,603.41112,-593.64545
17305649.0,603.86888,-594.17951
17305758.0,602.49558,-594.37025
17305867.0,602.2667,-593.41657
17305966.0,603.5637,-593.87434
17306065.0,602.2667,-593.37842
17306165.0,602.03782,-593.18769
17306263.0,603.25853,-593.18769
17306361.0,602.95335,-593.60731
17306460.0,603.48741,-593.72175
17306559.0,603.02964,-594.21766
17306658.0,603.25853,-594.67543
17306757.0,603.86888,-593.79804
17306856.0,653.68902,-797.12218
17306955.0,723.26936,-792.12491
17307054.0,757.44918,-791.74344
17307153.0,778.12492,-795.82518
17307252.0,787.96687,-797.84698
17307351.0,794.223,-797.23662
17307450.0,799.02954,-795.52
17307549.0,798.87695,-795.40556
17307648.0,800.93689,-795.25297
17307747.0,800.93689,-796.62627
17307846.0,801.39466,-796.817
17307945.0,801.77613,-795.55815
17308044.0,802.08131,-795.10038
17308144.0,802.08131,-795.93962
17308242.0,801.69984,-795.71074
17308351.0,803.30201,-796.96959
17308460.0,801.47095,-795.5963
17308569.0,803.30201,-796.05406
17308668.0,802.76795,-796.58812
17308767.0,802.08131,-796.47368
17308866.0,801.39466,-795.86333
17308965.0,802.08131,-795.86333
17309064.0,801.39466,-795.74889
17309163.0,801.62354,-796.8933
17309262.0,802.38648,-796.817
17309361.0,801.08948,-795.93962
17309460.0,801.92872,-796.43553
17309559.0,801.69984,-797.92327
17309658.0,801.16578,-798.07586
17309757.0,802.1576,-797.69439
17309856.0,802.00501,-797.99957
17309955.0,803.07313,-798.38104
17310054.0,801.77613,-797.88512
17310153.0,802.99684,-798.30474
17310252.0,802.84425,-797.61809
17310351.0,802.46278,-797.27477
17310450.0,802.92054,-798.22845
17310549.0,802.08131,-796.817
17310649.0,802.76795,-797.19848
17310747.0,801.69984,-796.96959
17310846.0,803.30201,-796.43553
17310945.0,801.62354,-796.01591
17311054.0,802.53907,-797.57995
17311163.0,801.62354,-796.8933
17311272.0,802.76795,-798.03771
17311371.0,802.92054,-798.15215
17311470.0,802.46278,-797.69439
17311569.0,801.92872,-796.74071
17311668.0,803.22572,-796.58812
17311767.0,802.1576,-796.13036
17311866.0,802.31019,-796.20665
17311965.0,801.47095,-795.97777
17312064.0,802.76795,-796.47368
17312163.0,802.53907,-796.35924
17312262.0,801.47095,-796.13036
17312361.0,802.31019,-796.28294
17312460.0,801.24207,-796.70256
17312559.0,802.84425,-797.92327
17312658.0,802.31019,-798.38104
17312757.0,802.61537,-797.69439
17312856.0,801.54725,-797.5418
17312955.0,802.69166,-798.15215
17313054.0,802.99684,-798.03771
17313153.0,801.92872,-797.50365
17313252.0,802.92054,-797.96142
17313351.0,802.53907,-797.96142
17313450.0,802.76795,-797.5418
17313549.0,803.22572,-796.28294
17313648.0,802.46278,-796.43553
17313747.0,802.00501,-796.2448
17313856.0,802.2339,-797.73254
17313965.0,802.00501,-796.35924
17314074.0,865.48182,-1000.17929
17314173.0,927.81421,-1000.40817
17314272.0,962.83326,-999.11117
17314371.0,979.46541,-998.92044
17314470.0,990.1466,-999.75967
17314569.0,994.49537,-1000.21744
17314668.0,997.47085,-1000.37003
17314767.0,997.85232,-1000.0267
17314866.0,999.14932,-998.95858
17314965.0,998.61526,-998.806
17315064.0,1000.29373,-999.83597
17315163.0,1000.29373,-1000.17929
17315262.0,999.22561,-1000.33188
17315361.0,1000.6752,-1000.48447
17315460.0,1000.14114,-1000.56076
17315559.0,999.91226,-1001.81962
17315658.0,1000.44632,-1001.59073
17315757.0,1000.98038,-1002.16294
17315856.0,1001.05668,-1001.89591
17315955.0,1000.29373,-1002.39182
17316054.0,1001.20926,-1002.20109
17316153.0,1001.13297,-1002.27738
17316252.0,1000.90409,-1002.39182
17316352.0,1000.82779,-1002.54441
17316450.0,1000.52262,-1002.42997
17316559.0,999.60708,-1001.89591
17316668.0,1000.29373,-1000.56076
17316767.0,999.83597,-1000.56076
17316866.0,998.46267,-1001.78147
17316965.0,999.98856,-1001.09482
17317064.0,999.30191,-1001.28556
17317163.0,999.91226,-1001.17112
17317262.0,999.3782,-1001.24741
17317362.0,1000.29373,-1000.52262
17317460.0,999.60708,-1001.36185
17317559.0,999.98856,-1002.92588
17317658.0,1000.52262,-1002.42997
17317757.0,1000.44632,-1002.42997
17317856.0,999.68338,-1002.39182
17317955.0,999.75967,-1002.01035
17318054.0,1000.06485,-1002.65885
17318154.0,1000.6752,-1002.50627
17318252.0,999.91226,-1001.97221
17318351.0,999.60708,-1001.89591
17318460.0,999.4545,-1002.20109
17318569.0,1000.29373,-1001.74332
17318678.0,999.14932,-1002.65885
17318777.0,999.14932,-1003.00218
17318876.0,1000.14114,-1002.50627
17318975.0,999.14932,-1002.65885
17319074.0,1000.21744,-1002.39182
17319173.0,998.92044,-1002.0485
17319272.0,1000.14114,-1002.27738
17319371.0,1000.14114,-1002.35368
17319470.0,999.07303,-1002.35368
17319569.0,999.60708,-1002.16294
17319668.0,999.4545,-1001.81962
17319767.0,999.53079,-1001.62888
17319866.0,999.3782,-1002.16294
17319965.0,999.53079,-1002.84959
17320064.0,1000.14114,-1002.62071
17320163.0,999.22561,-1002.50627
17320262.0,999.68338,-1002.0485
17320361.0,998.31008,-1002.50627
17320460.0,999.3782,-1002.81144
17320559.0,999.83597,-1002.0485
17320658.0,999.14932,-1002.92588
17320757.0,999.98856,-1002.31553
17320856.0,1000.14114,-1002.12479
17320955.0,1000.37003,-1001.81962
17321054.0,966.2665,-792.77341
17321163.0,856.02133,-802.42463
17321272.0,823.3674,-803.75978
17321381.0,809.10038,-804.25569
17321480.0,803.98866,-801.20392
17321579.0,801.77613,-800.82245
17321678.0,800.7843,-802.27204
17321778.0,799.79248,-803.11128
17321877.0,800.02136,-802.8061
17321976.0,801.01319,-802.31019
17322075.0,799.5636,-801.47095
17322174.0,799.41101,-801.77613
17322273.0,799.02954,-802.42463
17322372.0,799.33471,-802.50093
17322471.0,799.86877,-802.42463
17322570.0,799.63989,-801.81428
17322669.0,800.17395,-801.69984
17322769.0,799.4873,-802.31019
17322868.0,799.41101,-802.19575
17323017.0,799.79248,-802.8824
17323116.0,800.47913,-802.19575
17323215.0,798.72436,-802.00501
17323314.0,799.33471,-802.19575
17323414.0,799.94507,-802.38648
17323512.0,798.95324,-802.65351
17323611.0,800.09766,-802.04316
17323710.0,799.18213,-802.69166
17323810.0,800.02136,-802.61537
17323908.0,800.25025,-801.96687
17324007.0,799.25842,-802.27204
17324106.0,798.72436,-802.2339
17324205.0,798.03771,-802.27204
17324304.0,799.10583,-802.19575
17324404.0,798.49548,-802.04316
17324502.0,799.41101,-802.76795
17324601.0,799.18213,-801.73798
17324700.0,798.11401,-802.46278
17324799.0,799.79248,-802.8824
17324898.0,798.57177,-802.31019
17324997.0,801.01319,-802.42463
17325098.0,799.10583,-802.84425
17325196.0,800.55542,-802.65351
17325295.0,800.02136,-803.07313
17325394.0,800.02136,-802.92054
17325493.0,799.71619,-802.8824
17325592.0,799.86877,-803.26387
17325691.0,800.8606,-803.11128
17325790.0,799.86877,-802.72981
17325889.0,799.94507,-801.69984
17325988.0,799.5636,-801.35651
17326087.0,799.63989,-801.31836
17326187.0,799.71619,-801.66169
17326286.0,799.33471,-801.92872
17326385.0,800.40283,-801.35651
17326484.0,799.25842,-800.82245
17326583.0,798.87695,-801.81428
17326682.0,800.70801,-801.77613
17326781.0,799.71619,-801.43281
17326880.0,801.24207,-803.07313
17326979.0,799.71619,-802.69166
17327078.0,801.08948,-802.95869
17327177.0,800.02136,-802.38648
17327276.0,800.70801,-803.03498
17327375.0,800.25025,-802.84425
17327474.0,800.09766,-802.8061
17327573.0,801.24207,-802.53907
17327682.0,800.7843,-801.69984
17327791.0,729.14402,-594.86616
17327900.0,648.5773,-599.90158
17327999.0,624.62091,-602.61003
17328098.0,616.07596,-602.03782
17328197.0,608.9043,-599.78714
17328296.0,606.234,-599.32937
17328395.0,604.17406,-600.51193
17328494.0,602.57188,-602.03782
17328593.0,602.80076,-601.54191
17328692.0,603.02964,-600.51193
17328791.0,602.87706,-600.09232
17328890.0,602.343,-599.82529
17328989.0,602.2667,-601.92338
17329091.0,602.57188,-600.47379
17329190.0,601.88523,-601.84708
17329289.0,602.57188,-601.50376
17329388.0,601.19858,-601.73264
17329487.0,602.64817,-601.84708
17329587.0,601.88523,-602.11411
17329685.0,601.88523,-602.2667
17329784.0,602.2667,-602.53373
17329883.0,601.73264,-602.03782
17329982.0,601.80894,-602.30485
17330081.0,602.11411,-602.30485
17330180.0,601.65635,-599.97787
17330279.0,601.19858,-600.09232
17330378.0,602.343,-599.86343
17330477.0,603.18223,-599.82529
17330576.0,602.2667,-599.71084
17330685.0,601.88523,-602.64817
17330794.0,601.73264,-599.82529
17330894.0,602.19041,-599.32937
17330993.0,601.35117,-599.82529
17331097.0,602.11411,-599.5964
17331196.0,602.19041,-599.5964
17331295.0,602.2667,-599.44382
17331394.0,601.80894,-599.06234
17331493.0,601.96152,-599.36752
17331592.0,601.80894,-598.9479
17331691.0,601.35117,-599.25308
17331790.0,601.88523,-598.75717
17331889.0,601.12229,-603.79259
17331988.0,601.19858,-603.60185
17332087.0,601.88523,-603.75444
17332186.0,601.42747,-604.2885
17332285.0,601.27488,-604.32665
17332385.0,601.80894,-604.2122
17332483.0,600.9697,-604.86071
17332582.0,602.41929,-604.63182
17332682.0,602.19041,-605.16588
17332780.0,602.57188,-604.89885
17332879.0,601.88523,-598.18496
17332978.0,602.49558,-598.41384
17333077.0,603.02964,-598.45199
17333186.0,603.41112,-604.47923
17333296.0,603.86888,-598.49014
17333405.0,602.72447,-604.59368
17333504.0,602.11411,-604.82256
17333603.0,601.80894,-603.79259
17333752.0,602.49558,-598.56643
17333850.0,601.80894,-598.2994
17333949.0,600.9697,-604.05962
17334048.0,600.81711,-604.44109
17334147.0,600.89341,-603.98332
17334246.0,600.28305,-603.94517
17334345.0,600.51193,-603.90703
17334444.0,601.04599,-603.75444
17334543.0,496.82807,-405.35128
17334642.0,442.20139,-404.66463
17334741.0,422.89895,-400.96436
17334840.0,413.89623,-399.51477
17334939.0,409.47117,-399.1333
17335038.0,407.86899,-400.35401
17335137.0,405.73275,-399.057
17335236.0,404.96981,-397.98888
17335335.0,406.03793,-398.29406
17335434.0,404.66463,-399.17144
17335533.0,405.35128,-399.01886
17335632.0,403.36763,-399.24774
17335731.0,403.52022,-398.82812
17335830.0,403.44392,-399.17144
17335929.0,403.59651,-400.08698
17336028.0,402.3758,-399.93439
17336127.0,403.6728,-400.04883
17336226.0,402.83357,-399.43847
17336326.0,402.75727,-399.17144
17336425.0,402.22321,-398.75183
17336524.0,403.13874,-399.7055
17336623.0,403.21504,-399.81995
17336722.0,403.13874,-398.67553
17336827.0,403.6728,-400.16327
17336926.0,403.82539,-400.4303
17337025.0,402.68098,-398.52294
17337124.0,403.6728,-399.59106
17337223.0,403.7491,-398.44665
17337322.0,403.52022,-400.35401
17337421.0,403.44392,-398.59924
17337520.0,403.6728,-399.7055
17337619.0,403.44392,-399.09515
17337718.0,402.3758,-398.82812
17337817.0,401.99433,-399.09515
17337917.0,402.60469,-399.32403
17338016.0,403.06245,-398.94256
17338115.0,402.68098,-398.86627
17338214.0,401.91804,-398.82812
17338313.0,402.22321,-398.67553
17338412.0,402.3758,-398.29406
17338511.0,401.84174,-398.44665
17338610.0,402.90986,-398.33221
17338709.0,402.60469,-399.51477
17338808.0,402.90986,-399.28589
17338907.0,403.52022,-399.97253
17339006.0,403.6728,-400.12512
17339105.0,403.36763,-399.24774
17339204.0,403.82539,-399.66736
17339303.0,403.82539,-399.28589
17339402.0,403.13874,-399.55292
17339501.0,403.90169,-399.62921
17339600.0,402.83357,-400.12512
17339699.0,404.05428,-398.25591
17339798.0,403.90169,-398.14147
17339897.0,403.59651,-398.4085
17340007.0,404.05428,-399.55292
17340116.0,403.52022,-398.10333
17340215.0,402.98616,-398.17962
17340314.0,403.52022,-398.4848
17340413.0,402.90986,-397.91259
17340512.0,403.36763,-398.29406
17340611.0,403.29133,-398.02703
17340710.0,403.97798,-398.75183
17340809.0,403.59651,-398.67553
17340908.0,403.82539,-399.24774
17341007.0,403.7491,-399.59106
17341106.0,403.52022,-399.40033
17341205.0,404.05428,-399.28589
17341304.0,351.10608,-198.13613
17341403.0,269.16607,-201.79826
17341502.0,237.65655,-193.9018
17341602.0,222.3977,-193.78736
17341700.0,216.37045,-198.09798
17341799.0,212.47945,-197.02987
17341908.0,209.1988,-196.11433
17342017.0,208.66474,-196.64839
17342116.0,207.36773,-196.45766
17342215.0,206.60479,-197.83095
17342314.0,206.14703,-197.98354
17342413.0,206.5285,-197.8691
17342512.0,205.46038,-197.37319
17342612.0,206.75738,-197.52578
17342710.0,205.38408,-198.32687
17342809.0,205.53667,-195.46583
17342908.0,205.46038,-195.54213
17343007.0,205.2315,-195.46583
17343170.0,205.76556,-197.56393
17343269.0,205.38408,-195.35139
17343368.0,206.14703,-195.42769
17343467.0,205.2315,-195.50398
17343566.0,205.53667,-195.16066
17343665.0,205.53667,-195.23695
17343764.0,205.38408,-195.38954
17343863.0,205.91814,-194.93177
17343962.0,205.76556,-195.38954
17344062.0,205.91814,-195.1988
17344161.0,205.76556,-195.04622
17344260.0,205.68926,-197.90725
17344359.0,205.76556,-198.09798
17344458.0,205.2315,-197.9454
17344557.0,205.61297,-197.90725
17344705.0,205.1552,-195.00807
17344804.0,205.2315,-195.1988
17344903.0,205.46038,-194.89363
17345002.0,205.99444,-194.89363
17345101.0,205.76556,-194.96992
17345200.0,206.07073,-198.32687
17345299.0,204.46855,-198.32687
17345398.0,206.22332,-198.44131
17345497.0,205.38408,-198.44131
17345596.0,205.38408,-198.32687
17345695.0,204.77373,-198.5176
17345794.0,205.1552,-198.67019
17345893.0,205.38408,-198.32687
17345992.0,204.69744,-198.70834
17346092.0,205.30779,-198.63204
17346190.0,205.2315,-194.43586
17346289.0,205.1552,-194.39771
17346388.0,205.1552,-194.39771
17346487.0,204.92632,-194.16883
17346586.0,205.07891,-194.13068
17346685.0,205.84185,-194.13068
17346784.0,204.92632,-194.05439
17346883.0,204.69744,-193.78736
17346982.0,204.46855,-193.67292
17347081.0,203.47673,-194.32142
17347180.0,204.39226,-199.20425
17347279.0,203.55302,-198.89907
17347378.0,205.46038,-199.35684
17347477.0,203.17155,-198.78463
17347576.0,203.8582,-199.58572
17347675.0,204.46855,-199.35684
17347774.0,204.69744,-199.39499
17347873.0,203.8582,-200.31052
17347973.0,204.62114,-199.85275
17348072.0,121.61301,-6.75204
17348171.0,68.74111,-1.79291
17348270.0,46.00542,9.2316
17348369.0,38.91006,9.3079
17348468.0,31.43323,8.88828
17348567.0,20.37056,8.5831
17348666.0,13.12261,7.55313
17348765.0,17.92915,8.08719
17348865.0,14.64849,7.47684
17348963.0,11.67302,7.55313
17349063.0,7.9346,7.97275
17349161.0,10.29972,6.86648
17349260.0,10.22343,1.18256
17349359.0,10.22343,1.3733
17349458.0,8.08719,1.48774
17349557.0,7.78201,1.52588
17349656.0,8.92643,1.56403
17349755.0,9.53678,1.83106
17349854.0,8.85013,1.06812
17349953.0,7.70572,1.64033
17350052.0,7.9346,1.75477
17350152.0,7.85831,1.64033
17350250.0,9.2316,8.54495
17350349.0,9.07901,7.47684
17350448.0,8.16348,8.54495
17350547.0,8.23978,8.20163
17350646.0,7.55313,8.62125
17350745.0,8.77384,7.13351
17350844.0,9.91825,8.01089
17350943.0,9.15531,8.77384
17351042.0,8.54495,8.31607
17351141.0,8.31607,7.82016
17351250.0,8.77384,8.04904
17351359.0,8.08719,2.0218
17351468.0,9.46049,8.50681
17351567.0,8.23978,7.85831
17351666.0,9.07901,8.85013
17351765.0,9.99454,7.82016
17351864.0,9.46049,8.23978
17351963.0,8.69754,7.70572
17352063.0,10.07084,8.20163
17352161.0,7.70572,8.35422
17352260.0,8.16348,2.47956
17352359.0,7.70572,1.90736
17352458.0,8.16348,2.0218
17352557.0,7.09536,0.91553
17352656.0,7.47684,1.9455
17352755.0,8.08719,2.28883
17352854.0,7.17166,2.36512
17352953.0,7.47684,2.63215
17353052.0,7.01907,2.36512
17353151.0,6.10354,2.05994
17353250.0,7.70572,7.62942
17353350.0,6.40872,8.27792
17353449.0,7.01907,7.97275
17353548.0,6.94278,7.85831
17353647.0,7.55313,8.04904
17353746.0,6.5613,7.66757
17353845.0,6.71389,7.66757
17353944.0,6.6376,7.32425
17354053.0,6.79019,2.70845
17354162.0,7.01907,7.20981
17354261.0,7.09536,7.2861
17354360.0,7.70572,3.28065
17354459.0,7.24795,3.35695
17354558.0,7.70572,3.39509
17354657.0,7.01907,3.43324
17354756.0,7.24795,3.62398
17354855.0,7.40054,3.62398
17354954.0,6.5613,3.89101
